"address","categoryName","claimThisBusiness","googleFoodUrl","hotelStars","location/lat","location/lng","locatedIn","openingHours/0/day","openingHours/0/hours","openingHours/1/day","openingHours/1/hours","openingHours/2/day","openingHours/2/hours","openingHours/3/day","openingHours/3/hours","openingHours/4/day","openingHours/4/hours","openingHours/5/day","openingHours/5/hours","openingHours/6/day","openingHours/6/hours","price","rank","state","street","title","totalScore","url","website","reviewsCount"
"1937 Huỳnh Tấn Phát, TT. Nhà Bè, Nhà Bè, Hồ Chí Minh, Việt Nam","Nhà hàng ăn nhanh","false",,,"10.6978047","106.7391954",,"Thứ Ba","05:30 to 11:00","Thứ Tư","05:30 to 11:00","Thứ Năm","05:30 to 11:00","Thứ Sáu","05:30 to 11:00","Thứ Bảy","05:30 to 11:00","Chủ Nhật","Đóng cửa","Thứ Hai","05:30 to 11:00",,"43","Nhà Bè, Hồ Chí Minh","1937 Huỳnh Tấn Phát","Bánh mì Chaka Sài Gòn","4.8","https://www.google.com/maps/search/?api=1&query=B%C3%A1nh%20m%C3%AC%20Chaka%20S%C3%A0i%20G%C3%B2n&query_place_id=ChIJVbznFwA7dTERcVkBuKGdN0g",,"12"
"MPXQ+7GG, Hẻm 1768, TT. Nhà Bè, Nhà Bè, Hồ Chí Minh, Việt Nam","Nhà hàng bán đồ ăn mang về","true",,,"10.698183","106.7388167",,,,,,,,,,,,,,,,,"52","Nhà Bè, Hồ Chí Minh","MPXQ+7GG, Hẻm 1768","Vịt Nướng Minh Hiếu 2",,"https://www.google.com/maps/search/?api=1&query=V%E1%BB%8Bt%20N%C6%B0%E1%BB%9Bng%20Minh%20Hi%E1%BA%BFu%202&query_place_id=ChIJ_Z9GTQA7dTERu0-vCq42icM",,"0"
"MPXR+CG4, Hẻm 1979/23 Huỳnh Tấn Phát, TT. Nhà Bè, Nhà Bè, Hồ Chí Minh, Việt Nam","Quán ăn nhẹ","true",,,"10.6985293","106.74146",,"Thứ Ba","Mở cửa cả ngày","Thứ Tư","Mở cửa cả ngày","Thứ Năm","Mở cửa cả ngày","Thứ Sáu","Mở cửa cả ngày","Thứ Bảy","Mở cửa cả ngày","Chủ Nhật","Mở cửa cả ngày","Thứ Hai","Mở cửa cả ngày",,"53","Nhà Bè, Hồ Chí Minh","MPXR+CG4, Hẻm 1979/23 Huỳnh Tấn Phát","Bún bò , lẩu vịt xiêm Hoài Anh 79","5","https://www.google.com/maps/search/?api=1&query=B%C3%BAn%20b%C3%B2%20%2C%20l%E1%BA%A9u%20v%E1%BB%8Bt%20xi%C3%AAm%20Ho%C3%A0i%20Anh%2079&query_place_id=ChIJmaxv6f87dTERfHxJfwc7CIU",,"1"
"1994 Huỳnh Tấn Phát, TT. Nhà Bè, Nhà Bè, Hồ Chí Minh, Việt Nam","Quán ăn nhỏ","true",,,"10.692451","106.7408169",,,,,,,,,,,,,,,,"ĐANG ĐÓNG CỬA","79","Nhà Bè, Hồ Chí Minh","1994 Huỳnh Tấn Phát","BẾP CÔ MƯỜI",,"https://www.google.com/maps/search/?api=1&query=B%E1%BA%BEP%20C%C3%94%20M%C6%AF%E1%BB%9CI&query_place_id=ChIJm5C11EE7dTERfprd5qgNpHM",,"0"
"1937 Huỳnh Tấn Phát, TT. Nhà Bè, Nhà Bè, Hồ Chí Minh, Việt Nam","Quán ăn nhẹ","false","https://food.google.com/chooseprovider?restaurantId=/g/11stf81v86&g2lbs=AOHF13ndsg3UewSwTJsIDb_eC7-Gxfa69yFz9e4E_cv2LXl2fPSRE9UjadNzOBoT1U_tiLffK2d6GMYewZZRmmLaJc9PhI2lJ4amLI7Q9W1NP1ctkFpIh5c%3D&hl=vi-US&gl=us&fo_m=MfohQo559jFvMUOzJVpjPL1YMfZ3bInYwBDuMfaXTPp5KXh-&utm_source=tactile&gei=JXB6ZuWgMZyviLMPxPib6AE&ei=JXB6ZuWgMZyviLMPxPib6AE&fo_s=OA,SOE&opi=79508299&foub=mcpp",,"10.6978119","106.7391756",,"Thứ Ba","16:00 to 22:00","Thứ Tư","16:00 to 22:00","Thứ Năm","16:00 to 22:00","Thứ Sáu","15:00 to 22:00","Thứ Bảy","16:00 to 22:00","Chủ Nhật","16:00 to 22:00","Thứ Hai","16:00 to 22:00",,"42","Nhà Bè, Hồ Chí Minh","1937 Huỳnh Tấn Phát","Tré Trộn Nhà Bơ","5","https://www.google.com/maps/search/?api=1&query=Tr%C3%A9%20Tr%E1%BB%99n%20Nh%C3%A0%20B%C6%A1&query_place_id=ChIJoy-MSgo7dTERi9doRj8adCQ",,"11"
"1800 Huỳnh Tấn Phát, đối diện, ViệtCombank Tân, Hồ Chí Minh 73206, Việt Nam","Nhà hàng cơm","false",,,"10.6994687","106.7386069",,"Thứ Ba","10:00 to 18:00","Thứ Tư","10:00 to 18:00","Thứ Năm","10:00 to 18:00","Thứ Sáu","10:00 to 18:00","Thứ Bảy","10:00 to 18:00","Chủ Nhật","10:00 to 18:00","Thứ Hai","10:00 to 18:00",,"39","ViệtCombank Tân, Hồ Chí Minh","1800 Huỳnh Tấn Phát","Cơm trưa, cơm văn phòng Mai Quỳnh Trâm",,"https://www.google.com/maps/search/?api=1&query=C%C6%A1m%20tr%C6%B0a%2C%20c%C6%A1m%20v%C4%83n%20ph%C3%B2ng%20Mai%20Qu%E1%BB%B3nh%20Tr%C3%A2m&query_place_id=ChIJv2lFWR47dTERT_Sc_AtsdKQ",,"0"
"1768/25 Huỳnh Tấn Phát, TT. Nhà Bè, Nhà Bè, Hồ Chí Minh, Việt Nam","Nhà hàng Việt Nam","true",,,"10.6982982","106.7378496",,"Thứ Ba","07:00 to 20:00","Thứ Tư","07:00 to 20:00","Thứ Năm","07:00 to 20:00","Thứ Sáu","07:00 to 20:00","Thứ Bảy","07:00 to 20:00","Chủ Nhật","07:00 to 20:00","Thứ Hai","07:00 to 20:00",,"28","Nhà Bè, Hồ Chí Minh","1768/25 Huỳnh Tấn Phát","Bánh canh Trảng Bàng chị Một",,"https://www.google.com/maps/search/?api=1&query=B%C3%A1nh%20canh%20Tr%E1%BA%A3ng%20B%C3%A0ng%20ch%E1%BB%8B%20M%E1%BB%99t&query_place_id=ChIJ1ebBVL87dTERqNpzZAZFPfY",,"0"
"16, 13/15/116/16 Tổ 2, Khu Phố 5, Nhà Bè, Hồ Chí Minh, Việt Nam","Nhà hàng gia đình","true",,,"10.698782","106.73806",,,,,,,,,,,,,,,,,"23","Nhà Bè, Hồ Chí Minh","16, 13/15/116/16 Tổ 2","Kim Kitchen","5","https://www.google.com/maps/search/?api=1&query=Kim%20Kitchen&query_place_id=ChIJaXqfJgA7dTERqGixwtzw-fI",,"1"
"5/31A Huỳnh Tấn Phát, TT. Nhà Bè, Nhà Bè, Hồ Chí Minh, Việt Nam","Nhà hàng xúp","true",,,"10.6978494","106.7407327",,"Thứ Ba","06:00 to 21:00","Thứ Tư","06:00 to 21:00","Thứ Năm","06:00 to 21:00","Thứ Sáu","06:00 to 21:00","Thứ Bảy","06:00 to 21:00","Chủ Nhật","06:00 to 21:00","Thứ Hai","06:00 to 21:00",,"31","Nhà Bè, Hồ Chí Minh","5/31A Huỳnh Tấn Phát","HàMy Quán1979","4","https://www.google.com/maps/search/?api=1&query=H%C3%A0My%20Qu%C3%A1n1979&query_place_id=ChIJPxRJjf07dTERsuzKUIH-nGE",,"2"
"MPVR+PFR, TT. Nhà Bè, Nhà Bè, Thành phố Hồ Chí Minh, Việt Nam","Nhà hàng","true",,,"10.6943668","106.7411474",,,,,,,,,,,,,,,,,"77","Nhà Bè, Thành phố Hồ Chí Minh","MPVR+PFR","Quán cơm tâm ký",,"https://www.google.com/maps/search/?api=1&query=Qu%C3%A1n%20c%C6%A1m%20t%C3%A2m%20k%C3%BD&query_place_id=ChIJCZxBlTI7dTER8fW5og1vRoY",,"0"
"1998a Huỳnh Tấn Phát, TT. Nhà Bè, Nhà Bè, Hồ Chí Minh, Việt Nam","Quán ăn nhỏ","true",,,"10.6923816","106.7408708",,"Thứ Ba","15:00 to 23:00","Thứ Tư","15:00 to 23:00","Thứ Năm","15:00 to 23:00","Thứ Sáu","15:00 to 23:00","Thứ Bảy","15:00 to 23:00","Chủ Nhật","15:00 to 23:00","Thứ Hai","15:00 to 23:00",,"75","Nhà Bè, Hồ Chí Minh","1998a Huỳnh Tấn Phát","Bò Lá Lốt Anh Kiệm","5","https://www.google.com/maps/search/?api=1&query=B%C3%B2%20L%C3%A1%20L%E1%BB%91t%20Anh%20Ki%E1%BB%87m&query_place_id=ChIJYwU7UAA7dTER2_zRRYGgTB4",,"1"
"1806 115/12, Khu Phố 6, Nhà Bè, Hồ Chí Minh, Việt Nam","Quán ăn nhỏ","true",,,"10.6938285","106.7415946",,"Thứ Ba","06:00 to 12:00","Thứ Tư","06:00 to 12:00","Thứ Năm","06:00 to 12:00","Thứ Sáu","06:00 to 12:00","Thứ Bảy","06:00 to 12:00","Chủ Nhật","06:00 to 12:00","Thứ Hai","06:00 to 12:00",,"73","Nhà Bè, Hồ Chí Minh","1806 115/12","Cơm Tấm Bình Bà Cả","4.7","https://www.google.com/maps/search/?api=1&query=C%C6%A1m%20T%E1%BA%A5m%20B%C3%ACnh%20B%C3%A0%20C%E1%BA%A3&query_place_id=ChIJ_cdGtr07dTERzTGmMwMxhMw",,"6"
"2203 Huỳnh Tấn Phát, TT. Nhà Bè, Nhà Bè, Hồ Chí Minh, Việt Nam","Quán ăn nhỏ","true",,,"10.6903432","106.7418079",,"Thứ Ba","06:00 to 09:00","Thứ Tư","06:00 to 09:00","Thứ Năm","06:00 to 09:00","Thứ Sáu","06:00 to 09:00","Thứ Bảy","06:00 to 09:00","Chủ Nhật","06:00 to 09:00","Thứ Hai","06:00 to 09:00",,"72","Nhà Bè, Hồ Chí Minh","2203 Huỳnh Tấn Phát","Quán Cháo Lòng Tám Ù","4.4","https://www.google.com/maps/search/?api=1&query=Qu%C3%A1n%20Ch%C3%A1o%20L%C3%B2ng%20T%C3%A1m%20%C3%99&query_place_id=ChIJRdIqfho7dTERopHtLRhWiP0",,"46"
"1762 Huỳnh Tấn Phát, TT. Nhà Bè, Nhà Bè, Hồ Chí Minh 700000, Việt Nam","Nhà hàng cho người ăn chay","false",,,"10.6983065","106.7387753",,,,,,,,,,,,,,,,,"14","Nhà Bè, Hồ Chí Minh","1762 Huỳnh Tấn Phát","Tiệm Chay 1762",,"https://www.google.com/maps/search/?api=1&query=Ti%E1%BB%87m%20Chay%201762&query_place_id=ChIJbzSGp2s7dTERt81Qp5shBj4","https://m.facebook.com/tiemchay1762?mibextid=LQQJ4d","0"
"2201 Huỳnh Tấn Phát, TT. Nhà Bè, Nhà Bè, Hồ Chí Minh, Việt Nam","Quán ăn nhỏ","true",,,"10.6941586","106.7404636",,,,,,,,,,,,,,,,,"69","Nhà Bè, Hồ Chí Minh","2201 Huỳnh Tấn Phát","Bán cơm bình dân","2","https://www.google.com/maps/search/?api=1&query=B%C3%A1n%20c%C6%A1m%20b%C3%ACnh%20d%C3%A2n&query_place_id=ChIJYVgm4j07dTER0vftbhcfW4o",,"1"
"1899 Huỳnh Tấn Phát, TT. Nhà Bè, Nhà Bè, Hồ Chí Minh 700000, Việt Nam","Nhà hàng ăn nhanh","false","https://food.google.com/chooseprovider?restaurantId=/g/11tbvf__nn&g2lbs=AOHF13mCGF6jscQZfEogMMwS42Zq_2lmFUQiYKno_SIDVbsr4-NV9jTmMdAceohRtEYJzT0AwG__MGYEJmQex70OOGG8f2BxJMcwvXDGcxzj9HqFwG-S83g%3D&hl=vi-US&gl=us&fo_m=MfohQo559jFvMUOzJVpjPL1YMfZ3bInYwBDuMfaXTPp5KXh-&utm_source=tactile&gei=VnB6ZoLdDtOq5NoPzMWSoAg&ei=VnB6ZoLdDtOq5NoPzMWSoAg&fo_s=OA,SOE&opi=79508299&foub=mcpp",,"10.6988955","106.7388747",,"Thứ Ba","10:00 to 22:00","Thứ Tư","10:00 to 22:00","Thứ Năm","10:00 to 22:00","Thứ Sáu","10:00 to 22:00","Thứ Bảy","10:00 to 22:00","Chủ Nhật","10:00 to 22:00","Thứ Hai","10:00 to 22:00","$$","10","Nhà Bè, Hồ Chí Minh","1899 Huỳnh Tấn Phát","KFC Huỳnh Tấn Phát 2","4","https://www.google.com/maps/search/?api=1&query=KFC%20Hu%E1%BB%B3nh%20T%E1%BA%A5n%20Ph%C3%A1t%202&query_place_id=ChIJj-ZR-iA7dTERCVnONiKUSpI","https://kfcvietnam.com.vn/vn","84"
"2189 Huỳnh Tấn Phát, TT. Nhà Bè, Nhà Bè, Hồ Chí Minh, Việt Nam","Nhà hàng","false",,,"10.69075","106.7416969",,"Thứ Ba","06:00 to 11:30","Thứ Tư","06:00 to 11:30","Thứ Năm","06:00 to 11:30","Thứ Sáu","06:00 to 11:30","Thứ Bảy","06:00 to 11:30","Chủ Nhật","06:00 to 11:30","Thứ Hai","06:00 to 11:30",,"67","Nhà Bè, Hồ Chí Minh","2189 Huỳnh Tấn Phát","Bún Cá Bún Mọc Phúc Thịnh","4.4","https://www.google.com/maps/search/?api=1&query=B%C3%BAn%20C%C3%A1%20B%C3%BAn%20M%E1%BB%8Dc%20Ph%C3%BAc%20Th%E1%BB%8Bnh&query_place_id=ChIJG_S0jIA7dTERit3DLpQuink",,"32"
"2054 Huỳnh Tấn Phát, TT. Nhà Bè, Nhà Bè, Hồ Chí Minh, Việt Nam","Nhà hàng","true",,,"10.690052","106.741615",,,,,,,,,,,,,,,,,"64","Nhà Bè, Hồ Chí Minh","2054 Huỳnh Tấn Phát","Cháo Dinh Dưỡng Việt Soup",,"https://www.google.com/maps/search/?api=1&query=Ch%C3%A1o%20Dinh%20D%C6%B0%E1%BB%A1ng%20Vi%E1%BB%87t%20Soup&query_place_id=ChIJj3T9SLc6dTERiPZoTYqmChg",,"0"
"1931 Huỳnh Tấn Phát, TT. Nhà Bè, Nhà Bè, Hồ Chí Minh, Việt Nam","Nhà hàng","true",,,"10.6985512","106.7385677",,"Thứ Ba","10:00 to 21:00","Thứ Tư","10:00 to 21:00","Thứ Năm","10:00 to 21:00","Thứ Sáu","10:00 to 21:00","Thứ Bảy","10:00 to 21:00","Chủ Nhật","10:00 to 21:00","Thứ Hai","10:00 to 21:00",,"9","Nhà Bè, Hồ Chí Minh","1931 Huỳnh Tấn Phát","Quán Ốc Ken","4.1","https://www.google.com/maps/search/?api=1&query=Qu%C3%A1n%20%E1%BB%90c%20Ken&query_place_id=ChIJg1YlELM6dTERmStBM1KvFXU",,"14"
"1964 Huỳnh Tấn Phát, TTNB, Khu Phố 6, Nhà Bè, Hồ Chí Minh, Việt Nam","Nhà hàng","false",,,"10.6933314","106.7404447",,"Thứ Ba","05:00 to 12:30","Thứ Tư","05:00 to 12:30","Thứ Năm","05:00 to 12:30","Thứ Sáu","05:00 to 12:30","Thứ Bảy","05:00 to 12:30","Chủ Nhật","05:00 to 12:30","Thứ Hai","05:00 to 12:30",,"63","Nhà Bè, Hồ Chí Minh","1964 Huỳnh Tấn Phát, TTNB","Cơm Tấm 1964","5","https://www.google.com/maps/search/?api=1&query=C%C6%A1m%20T%E1%BA%A5m%201964&query_place_id=ChIJ7VwTwl87dTERcJN3dOjEGSg",,"1"
"99 Huỳnh Tấn Phát, Phú Xuân, Nhà Bè, Hồ Chí Minh, Việt Nam","Nhà hàng","true",,,"10.6921879","106.7371888",,,,,,,,,,,,,,,,,"55","Nhà Bè, Hồ Chí Minh","99 Huỳnh Tấn Phát","1942/113/1C kim quán",,"https://www.google.com/maps/search/?api=1&query=1942%2F113%2F1C%20kim%20qu%C3%A1n&query_place_id=ChIJE4AqY4s7dTERwyTryhEMjZc",,"0"
"KP6/50/3b Huỳnh Tấn Phát, Tân Thuận Đông, Quận 7, Hồ Chí Minh, Việt Nam","Quán ăn nhẹ","false",,,"10.6930409","106.7382494",,"Thứ Ba","16:30 to 22:00","Thứ Tư","16:30 to 22:00","Thứ Năm","16:30 to 22:00","Thứ Sáu","16:30 to 22:00","Thứ Bảy","16:30 to 22:00","Chủ Nhật","16:30 to 22:00","Thứ Hai","16:30 to 22:00",,"53","Quận 7, Hồ Chí Minh","KP6/50/3b Huỳnh Tấn Phát","Quán Khô & Bắp Nướng Cô 6","5","https://www.google.com/maps/search/?api=1&query=Qu%C3%A1n%20Kh%C3%B4%20%26%20B%E1%BA%AFp%20N%C6%B0%E1%BB%9Bng%20C%C3%B4%206&query_place_id=ChIJfdzWz-AldTERYp9MuTbk8QY",,"1"
"Hẻm 1942, 86 Huỳnh Tấn Phát, TT. Nhà Bè, Nhà Bè, Thành phố Hồ Chí Minh, Việt Nam","Nhà hàng","true",,,"10.6928018","106.7377973",,,,,,,,,,,,,,,,,"54","Nhà Bè, Thành phố Hồ Chí Minh","Hẻm 1942, 86 Huỳnh Tấn Phát","BÁNH MÌ HÀ NỘI ĐỨC MẠNH","5","https://www.google.com/maps/search/?api=1&query=B%C3%81NH%20M%C3%8C%20H%C3%80%20N%E1%BB%98I%20%C4%90%E1%BB%A8C%20M%E1%BA%A0NH&query_place_id=ChIJM2t1Y5I7dTER0u7P8wy4Rx8",,"1"
"Huỳnh Tấn Phát, TT. Nhà Bè, Nhà Bè, Hồ Chí Minh, Việt Nam","Nhà hàng","false",,,"10.6964795","106.7396689",,"Thứ Ba","15:30 to 22:00","Thứ Tư","15:30 to 22:00","Thứ Năm","15:30 to 22:00","Thứ Sáu","15:30 to 22:00","Thứ Bảy","15:30 to 22:00","Chủ Nhật","15:30 to 22:00","Thứ Hai","15:30 to 22:00",,"52","Nhà Bè, Hồ Chí Minh","Huỳnh Tấn Phát","Quán Bột Chiên","3","https://www.google.com/maps/search/?api=1&query=Qu%C3%A1n%20B%E1%BB%99t%20Chi%C3%AAn&query_place_id=ChIJhThSvbM6dTERm5bxUDj5oiM",,"3"
"223A Huỳnh Tấn Phát, TT. Nhà Bè, Nhà Bè, Hồ Chí Minh, Việt Nam","Nhà hàng","true",,,"10.6966602","106.7397513",,"Thứ Ba","15:45 to 22:00","Thứ Tư","15:45 to 22:00","Thứ Năm","15:45 to 22:00","Thứ Sáu","15:45 to 22:00","Thứ Bảy","15:45 to 22:00","Chủ Nhật","16:00 to 22:00","Thứ Hai","15:45 to 22:00",,"51","Nhà Bè, Hồ Chí Minh","223A Huỳnh Tấn Phát","Quán Chè 223A",,"https://www.google.com/maps/search/?api=1&query=Qu%C3%A1n%20Ch%C3%A8%20223A&query_place_id=ChIJDyG1orM6dTERskot-fld6y0",,"0"
"MPWP+J48, 1806, Phú Xuân, Nhà Bè, Hồ Chí Minh, Việt Nam","Nhà hàng","true",,,"10.6965408","106.7353428",,"Thứ Ba","06:00 to 11:00","Thứ Tư","06:00 to 11:00","Thứ Năm","06:00 to 11:00","Thứ Sáu","06:00 to 11:00","Thứ Bảy","06:00 to 11:00","Chủ Nhật","06:00 to 11:00","Thứ Hai","06:00 to 11:00",,"49","Nhà Bè, Hồ Chí Minh","MPWP+J48, 1806","Bánh Cuốn Hiệp Phát","5","https://www.google.com/maps/search/?api=1&query=B%C3%A1nh%20Cu%E1%BB%91n%20Hi%E1%BB%87p%20Ph%C3%A1t&query_place_id=ChIJpdzJd7I6dTERm-eet9Rq2SE",,"1"
"tt. Nhà Bè, Nhà Bè, Hồ Chí Minh, Việt Nam","Nhà hàng","true",,,"10.6959058","106.7398369",,,,,,,,,,,,,,,,,"50","Nhà Bè, Hồ Chí Minh",,"Chú Thu Bánh Cuốn Nóng","5","https://www.google.com/maps/search/?api=1&query=Ch%C3%BA%20Thu%20B%C3%A1nh%20Cu%E1%BB%91n%20N%C3%B3ng&query_place_id=ChIJI2gZlbM6dTERzNJNT-MUSe0",,"3"
"tt. Nhà Bè, Nhà Bè, Hồ Chí Minh, Việt Nam","Nhà hàng","true",,,"10.6958824","106.7398706",,,,,,,,,,,,,,,,,"48","Nhà Bè, Hồ Chí Minh",,"Quán Ốc - Gà Ta Phục Vụ Các Món Nhậu Bình Dân",,"https://www.google.com/maps/search/?api=1&query=Qu%C3%A1n%20%E1%BB%90c%20-%20G%C3%A0%20Ta%20Ph%E1%BB%A5c%20V%E1%BB%A5%20C%C3%A1c%20M%C3%B3n%20Nh%E1%BA%ADu%20B%C3%ACnh%20D%C3%A2n&query_place_id=ChIJeb3a6rM6dTEREMyEVssKddE",,"0"
"2680/45 Huỳnh Tấn Phát, Phú Xuân, Nhà Bè, Hồ Chí Minh 70000, Việt Nam","Tiệm bánh","false",,,"10.6949032","106.7383166",,"Thứ Ba","06:00 to 20:00","Thứ Tư","06:00 to 20:00","Thứ Năm","06:00 to 20:00","Thứ Sáu","06:00 to 20:00","Thứ Bảy","Đóng cửa","Chủ Nhật","Đóng cửa","Thứ Hai","06:00 to 10:00, 14:00 to 20:00",,"47","Nhà Bè, Hồ Chí Minh","2680/45 Huỳnh Tấn Phát","Đồ ăn Trung Hoa A Nũi",,"https://www.google.com/maps/search/?api=1&query=%C4%90%E1%BB%93%20%C4%83n%20Trung%20Hoa%20A%20N%C5%A9i&query_place_id=ChIJX21_1l07dTERBxrBv0xegMU",,"0"
"173 3 Miễu Ba, Phú Xuân, Cần Giờ, Hồ Chí Minh, Việt Nam","Nhà hàng","true",,,"10.6929539","106.7383277",,,,,,,,,,,,,,,,,"60","Cần Giờ, Hồ Chí Minh","173 3 Miễu Ba","Quán Hân Huỳnh",,"https://www.google.com/maps/search/?api=1&query=Qu%C3%A1n%20H%C3%A2n%20Hu%E1%BB%B3nh&query_place_id=ChIJXwKjjnI7dTERndAEKRJCGmc",,"0"
"1995 Huỳnh Tấn Phát, Khu Phố 6, Nhà Bè, Hồ Chí Minh 008428, Việt Nam","Nhà hàng","false","https://food.google.com/chooseprovider?restaurantId=/g/11ghrbnvsz&g2lbs=AOHF13lqIqJWjGaeaq9Z42sbZ6Nzj8H_GkO6O7jq4b2MmxGCfQPJL9tYCsBK5Z9FZgyB1CQw9wwfeFpk1zm2t7ijfXEkncY4qg80vkMBAy4HoLSzv7ypyjhwARkBIn8BaTIEkvHnuJA-&hl=vi-US&gl=us&fo_m=MfohQo559jFvMUOzJVpjPL1YMfZ3bInYwBDuMfaXTPp5KXh-&utm_source=tactile&gei=iHB6ZtyOOtSX5OMP-LKoyAU&ei=iHB6ZtyOOtSX5OMP-LKoyAU&fo_s=OA,SOE&opi=79508299&foub=mcpp",,"10.6963367","106.7397179",,"Thứ Ba","14:30 to 22:00","Thứ Tư","14:30 to 22:00","Thứ Năm","14:30 to 22:00","Thứ Sáu","14:30 to 22:00","Thứ Bảy","14:30 to 22:00","Chủ Nhật","14:30 to 22:00","Thứ Hai","14:30 to 22:00",,"46","Nhà Bè, Hồ Chí Minh","1995 Huỳnh Tấn Phát","Gà rán five star","3.9","https://www.google.com/maps/search/?api=1&query=G%C3%A0%20r%C3%A1n%20five%20star&query_place_id=ChIJ6eCMpho7dTERbuwO-Lyqd1s",,"10"
"73 Hẻm 1942 Huỳnh Tấn Phát, TT. Nhà Bè, Nhà Bè, Hồ Chí Minh, Việt Nam","Nhà hàng châu Á","true",,,"10.6929226","106.7382154",,"Thứ Ba","05:30 to 10:00","Thứ Tư","05:30 to 10:00","Thứ Năm","05:30 to 10:00","Thứ Sáu","05:30 to 10:00","Thứ Bảy","05:30 to 10:00","Chủ Nhật","05:30 to 10:00","Thứ Hai","05:30 to 10:00",,"59","Nhà Bè, Hồ Chí Minh","73 Hẻm 1942 Huỳnh Tấn Phát","Cơm Tấm 258","5","https://www.google.com/maps/search/?api=1&query=C%C6%A1m%20T%E1%BA%A5m%20258&query_place_id=ChIJcej6C9U7dTER09QtaURHu7s",,"21"
"MPVR+V6Q, Đặng Nhữ Lâm, TT. Nhà Bè, Nhà Bè, Hồ Chí Minh, Việt Nam","Nhà hàng","true",,,"10.6947245","106.7405974",,,,,,,,,,,,,,,,,"58","Nhà Bè, Hồ Chí Minh","MPVR+V6Q, Đặng Nhữ Lâm","Quán Ăn Đông Hồ",,"https://www.google.com/maps/search/?api=1&query=Qu%C3%A1n%20%C4%82n%20%C4%90%C3%B4ng%20H%E1%BB%93&query_place_id=ChIJ8dN7-7M6dTERIY3s3NkTHSs",,"0"
"47 Huỳnh Tấn Phát, TT. Nhà Bè, Nhà Bè, Hồ Chí Minh, Việt Nam","Nhà hàng","true",,,"10.6946874","106.7398661",,,,,,,,,,,,,,,,,"57","Nhà Bè, Hồ Chí Minh","47 Huỳnh Tấn Phát","Quán Nhậu Nhựt Linh",,"https://www.google.com/maps/search/?api=1&query=Qu%C3%A1n%20Nh%E1%BA%ADu%20Nh%E1%BB%B1t%20Linh&query_place_id=ChIJA33u47M6dTERKI8qlVi0uWI",,"0"
"tt. Nhà Bè, Nhà Bè, Hồ Chí Minh, Việt Nam","Nhà hàng","true",,,"10.6968492","106.7366467",,,,,,,,,,,,,,,,,"56","Nhà Bè, Hồ Chí Minh",,"Nhóm Nấu Ăn Vũ Hiếu",,"https://www.google.com/maps/search/?api=1&query=Nh%C3%B3m%20N%E1%BA%A5u%20%C4%82n%20V%C5%A9%20Hi%E1%BA%BFu&query_place_id=ChIJb2BzZ7I6dTERxj96Tzqju3M",,"0"
"43 Huỳnh Tấn Phát, TT. Nhà Bè, Nhà Bè, Hồ Chí Minh, Việt Nam","Nhà hàng","true",,,"10.6959451","106.7395846",,,,,,,,,,,,,,,,,"55","Nhà Bè, Hồ Chí Minh","43 Huỳnh Tấn Phát","Quán Ăn Gà Ta 190",,"https://www.google.com/maps/search/?api=1&query=Qu%C3%A1n%20%C4%82n%20G%C3%A0%20Ta%20190&query_place_id=ChIJxeme6rM6dTERbU4nFlY4sI4",,"0"
"2028 Huỳnh Tấn Phát, TT. Nhà Bè, Nhà Bè, Hồ Chí Minh, Việt Nam","Nhà hàng","true",,,"10.6910292","106.7413207",,,,,,,,,,,,,,,,,"54","Nhà Bè, Hồ Chí Minh","2028 Huỳnh Tấn Phát","Vựa Ghẹ Tuấn Ngoan",,"https://www.google.com/maps/search/?api=1&query=V%E1%BB%B1a%20Gh%E1%BA%B9%20Tu%E1%BA%A5n%20Ngoan&query_place_id=ChIJKQGELbc6dTERD2_0JGB_8tk",,"0"
"MPRR+X8F, Hẻm 2020/50-52 Huỳnh Tấn Phát, TT. Nhà Bè, Nhà Bè, Hồ Chí Minh, Việt Nam","Nhà hàng","true",,,"10.6924292","106.7407931",,"Thứ Ba","07:00 to 22:00","Thứ Tư","07:00 to 22:00","Thứ Năm","07:00 to 22:00","Thứ Sáu","07:00 to 22:00","Thứ Bảy","07:00 to 22:00","Chủ Nhật","07:00 to 22:00","Thứ Hai","07:00 to 22:00",,"51","Nhà Bè, Hồ Chí Minh","MPRR+X8F, Hẻm 2020/50-52 Huỳnh Tấn Phát","Cửa Hàng Trái Cây 2020","4","https://www.google.com/maps/search/?api=1&query=C%E1%BB%ADa%20H%C3%A0ng%20Tr%C3%A1i%20C%C3%A2y%202020&query_place_id=ChIJkcklK7E6dTERIsu4ilM_0zQ",,"1"
"2129 Huỳnh Tấn Phát, TT. Nhà Bè, Nhà Bè, Hồ Chí Minh, Việt Nam","Nhà hàng","true",,,"10.6929143","106.7409174",,,,,,,,,,,,,,,,,"50","Nhà Bè, Hồ Chí Minh","2129 Huỳnh Tấn Phát","BÚN BÒ HUẾ A ĐỨC","3.6","https://www.google.com/maps/search/?api=1&query=B%C3%9AN%20B%C3%92%20HU%E1%BA%BE%20A%20%C4%90%E1%BB%A8C&query_place_id=ChIJ83I3Y5E7dTEROk9Y-ba4gsw",,"18"
"45/39 Đ. Huỳnh Thị Đồng, TT. Nhà Bè, Nhà Bè, Hồ Chí Minh, Việt Nam","Quán ăn nhỏ","true",,,"10.6970987","106.7408749",,"Thứ Ba","10:00 to 22:00","Thứ Tư","10:00 to 22:00","Thứ Năm","10:00 to 22:00","Thứ Sáu","10:00 to 22:00","Thứ Bảy","10:00 to 22:00","Chủ Nhật","10:00 to 22:00","Thứ Hai","10:00 to 22:00",,"49","Nhà Bè, Hồ Chí Minh","45/39 Đ. Huỳnh Thị Đồng","Bé Heo Bán Bò Ngon 7 Món",,"https://www.google.com/maps/search/?api=1&query=B%C3%A9%20Heo%20B%C3%A1n%20B%C3%B2%20Ngon%207%20M%C3%B3n&query_place_id=ChIJDXICSic7dTERnEj95BCv84I",,"0"
"59 Huỳnh Tấn Phát, TT. Nhà Bè, Nhà Bè, Hồ Chí Minh, Việt Nam","Nhà hàng","true",,,"10.6941738","106.7404719",,,,,,,,,,,,,,,,,"46","Nhà Bè, Hồ Chí Minh","59 Huỳnh Tấn Phát","Phở Lý Quốc Sư",,"https://www.google.com/maps/search/?api=1&query=Ph%E1%BB%9F%20L%C3%BD%20Qu%E1%BB%91c%20S%C6%B0&query_place_id=ChIJZ8toV7E6dTERDFp4YgsqG_A",,"0"
"Việt Nam, Hồ Chí Minh, Nhà Bè, Huỳnh Tấn Phát, Hẻm 1979","Nhà hàng","true",,,"10.6970666","106.7412098",,,,,,,,,,,,,,,,,"42","Nhà Bè, Hồ Chí Minh","Huỳnh Tấn Phát, Hẻm 1979","Dê Tươi Tài Ký 2","4.4","https://www.google.com/maps/search/?api=1&query=D%C3%AA%20T%C6%B0%C6%A1i%20T%C3%A0i%20K%C3%BD%202&query_place_id=ChIJCzfjcPY7dTERNPn0XPo-Lcc",,"7"
"1703A Huỳnh Tấn Phát, TT. Nhà Bè, Thành phố Hồ Chí Minh, Hồ Chí Minh 700000, Việt Nam","Quán ăn nhỏ","false",,,"10.6966566","106.7394326",,"Thứ Ba","08:00 to 22:00","Thứ Tư","08:00 to 22:00","Thứ Năm","08:00 to 22:00","Thứ Sáu","08:00 to 22:00","Thứ Bảy","08:00 to 22:00","Chủ Nhật","08:00 to 22:00","Thứ Hai","08:00 to 22:00","$$","40","Thành phố Hồ Chí Minh, Hồ Chí Minh","1703A Huỳnh Tấn Phát","Quán Bún Mắm Cẩm Tú","3.9","https://www.google.com/maps/search/?api=1&query=Qu%C3%A1n%20B%C3%BAn%20M%E1%BA%AFm%20C%E1%BA%A9m%20T%C3%BA&query_place_id=ChIJl8tKeE4ldTERM3OhzyT-UCM","https://www.foody.vn/ho-chi-minh/bun-mam-cam-tu","302"
"28 Huỳnh Tấn Phát, TT. Nhà Bè, Nhà Bè, Hồ Chí Minh, Việt Nam","Nhà hàng","true",,,"10.6962785","106.7397351",,,,,,,,,,,,,,,,,"39","Nhà Bè, Hồ Chí Minh","28 Huỳnh Tấn Phát","Quán Ăn Hồng Ký",,"https://www.google.com/maps/search/?api=1&query=Qu%C3%A1n%20%C4%82n%20H%E1%BB%93ng%20K%C3%BD&query_place_id=ChIJlTd_vbM6dTERqkbFmL-op8k",,"0"
"1906 Huỳnh Tấn Phát, TT. Nhà Bè, Nhà Bè, Hồ Chí Minh, Việt Nam","Nhà hàng","true",,,"10.6949157","106.7399518",,,,,,,,,,,,,,,,,"37","Nhà Bè, Hồ Chí Minh","1906 Huỳnh Tấn Phát","HƯƠNG VIỆT",,"https://www.google.com/maps/search/?api=1&query=H%C6%AF%C6%A0NG%20VI%E1%BB%86T&query_place_id=ChIJN3XQcks7dTER8Mt5puB1Shw",,"0"
"1806/111D, Huỳnh Tấn Phát, Phú Xuân, Nhà Bè, Hồ Chí Minh, Việt Nam","Quán ăn nhỏ","false",,,"10.6960783","106.7341434",,"Thứ Ba","09:30 to 19:00","Thứ Tư","09:30 to 19:00","Thứ Năm","09:30 to 19:00","Thứ Sáu","09:30 to 19:00","Thứ Bảy","09:30 to 19:00","Chủ Nhật","09:30 to 19:00","Thứ Hai","09:30 to 19:00",,"35","Nhà Bè, Hồ Chí Minh","1806/111D, Huỳnh Tấn Phát","Bánh Xèo Miền Tây Hồng Hạnh","4.7","https://www.google.com/maps/search/?api=1&query=B%C3%A1nh%20X%C3%A8o%20Mi%E1%BB%81n%20T%C3%A2y%20H%E1%BB%93ng%20H%E1%BA%A1nh&query_place_id=ChIJxRre8Pw7dTER9cGN27wOOBk",,"3"
"1872 Huỳnh Tấn Phát, TT. Nhà Bè, Nhà Bè, Hồ Chí Minh, Việt Nam","Quán ăn nhỏ","false",,,"10.6958248","106.739624",,"Thứ Ba","06:00 to 21:00","Thứ Tư","06:00 to 21:00","Thứ Năm","06:00 to 21:00","Thứ Sáu","06:00 to 21:00","Thứ Bảy","06:00 to 21:00","Chủ Nhật","06:00 to 21:00","Thứ Hai","06:00 to 21:00",,"36","Nhà Bè, Hồ Chí Minh","1872 Huỳnh Tấn Phát","Bún Bò Huế Hồng Hà","4.5","https://www.google.com/maps/search/?api=1&query=B%C3%BAn%20B%C3%B2%20Hu%E1%BA%BF%20H%E1%BB%93ng%20H%C3%A0&query_place_id=ChIJP8wzOlI7dTER7swdVm0tiLY",,"15"
"2007 Huỳnh Tấn Phát, TT. Nhà Bè, Nhà Bè, Hồ Chí Minh, Việt Nam","Quán ăn truyền thống Ghana","false","https://food.google.com/chooseprovider?restaurantId=/g/11vqtt03y8&g2lbs=AOHF13n6u-50KAqf3NRcmsG5VxU7X6AkzfTp5oqGtXz4qiJ7dpj0V9HQR6jXa3heTFqLuJ3aE2vWV3fLBsCi9CowO_5mmZLte0331w0ljkUkvMYa4gdRMHN-tMv4O0YB1HokH9HJjfPn&hl=vi-US&gl=us&fo_m=MfohQo559jFvMUOzJVpjPL1YMfZ3bInYwBDuMfaXTPp5KXh-&utm_source=tactile&gei=unB6Zq_UOqahptQPnfCs6A4&ei=unB6Zq_UOqahptQPnfCs6A4&fo_s=OA,SOE&opi=79508299&foub=mcpp",,"10.6961496","106.7397758",,"Thứ Ba","Mở cửa cả ngày","Thứ Tư","Mở cửa cả ngày","Thứ Năm","Mở cửa cả ngày","Thứ Sáu","Mở cửa cả ngày","Thứ Bảy","Mở cửa cả ngày","Chủ Nhật","Mở cửa cả ngày","Thứ Hai","Mở cửa cả ngày",,"38","Nhà Bè, Hồ Chí Minh","2007 Huỳnh Tấn Phát","CHAY GIA ĐÌNH NHẬT HẠ","5","https://www.google.com/maps/search/?api=1&query=CHAY%20GIA%20%C4%90%C3%8CNH%20NH%E1%BA%ACT%20H%E1%BA%A0&query_place_id=ChIJK6vsdQA7dTERWsl9tkRaTVU",,"2"
"326 Huỳnh Tấn Phát, TT. Nhà Bè, Nhà Bè, Hồ Chí Minh, Việt Nam","Nhà hàng","true",,,"10.6945043","106.7400668",,"Thứ Ba","06:00 to 18:30","Thứ Tư","06:00 to 18:30","Thứ Năm","06:00 to 18:30","Thứ Sáu","06:00 to 18:30","Thứ Bảy","06:00 to 18:30","Chủ Nhật","06:00 to 18:30","Thứ Hai","06:00 to 18:30",,"34","Nhà Bè, Hồ Chí Minh","326 Huỳnh Tấn Phát","Cháo Dinh Dưỡng Ngonmely","4.5","https://www.google.com/maps/search/?api=1&query=Ch%C3%A1o%20Dinh%20D%C6%B0%E1%BB%A1ng%20Ngonmely&query_place_id=ChIJJVxv4rM6dTER0K3A3pcKWvo",,"6"
"MPQR+JWR, Huỳnh Tấn Phát, Khu Phố 6, Nhà Bè, Hồ Chí Minh, Việt Nam","Nhà hàng","true",,,"10.6891115","106.7422525",,,,,,,,,,,,,,,,,"38","Nhà Bè, Hồ Chí Minh","MPQR+JWR, Huỳnh Tấn Phát","Quán Hủ Tiếu Ruby",,"https://www.google.com/maps/search/?api=1&query=Qu%C3%A1n%20H%E1%BB%A7%20Ti%E1%BA%BFu%20Ruby&query_place_id=ChIJLfI0Wbc6dTER74yTMr5TRq8",,"0"
"1806/23, Huỳnh Tấn Phát, Phú Xuân, Nhà Bè, Hồ Chí Minh, Việt Nam","Nhà hàng gia đình","false",,,"10.6957436","106.7383031",,,,,,,,,,,,,,,,,"33","Nhà Bè, Hồ Chí Minh","1806/23, Huỳnh Tấn Phát","Món ngon nhà út","5","https://www.google.com/maps/search/?api=1&query=M%C3%B3n%20ngon%20nh%C3%A0%20%C3%BAt&query_place_id=ChIJ12pCokoxdTERDP7osvNW6RQ","https://mon-ngon-nha-ut.com.vn/","2"
"2036 Huỳnh Tấn Phát, khu phố 7, Nhà Bè, Hồ Chí Minh 70000, Việt Nam","Trung tâm bán lẻ trực tiếp","false",,,"10.6906092","106.7409663",,"Thứ Ba","06:00 to 21:00","Thứ Tư","06:00 to 21:00","Thứ Năm","06:00 to 21:00","Thứ Sáu","06:00 to 21:00","Thứ Bảy","06:00 to 21:00","Chủ Nhật","06:00 to 21:00","Thứ Hai","06:00 to 21:00",,"39","Nhà Bè, Hồ Chí Minh","2036 Huỳnh Tấn Phát","Vựa Khô Cá 5 Khanh - Chuyên Sỉ & Lẻ Khô Các Loại","5","https://www.google.com/maps/search/?api=1&query=V%E1%BB%B1a%20Kh%C3%B4%20C%C3%A1%205%20Khanh%20-%20Chuy%C3%AAn%20S%E1%BB%89%20%26%20L%E1%BA%BB%20Kh%C3%B4%20C%C3%A1c%20Lo%E1%BA%A1i&query_place_id=ChIJO5o4oBA7dTERnoeAczoLvdA",,"23"
"1979/3b Huỳnh Tấn Phát, TT. Nhà Bè, Nhà Bè, Hồ Chí Minh, Việt Nam","Nhà hàng ăn chay","true",,,"10.6970404","106.7408869",,,,,,,,,,,,,,,,,"37","Nhà Bè, Hồ Chí Minh","1979/3b Huỳnh Tấn Phát","CHAY NHÀ BAL'S",,"https://www.google.com/maps/search/?api=1&query=CHAY%20NH%C3%80%20BAL'S&query_place_id=ChIJiQFoUAA7dTERIJj5oHnmYoo",,"0"
"MPVR+V2F, Huỳnh Tấn Phát, TT. Nhà Bè, Nhà Bè, Hồ Chí Minh, Việt Nam","Nhà hàng","true",,,"10.6946787","106.7400367",,"Thứ Ba","08:00 to 21:00","Thứ Tư","08:00 to 21:00","Thứ Năm","08:00 to 21:00","Thứ Sáu","08:00 to 21:00","Thứ Bảy","08:00 to 21:00","Chủ Nhật","08:00 to 21:00","Thứ Hai","08:00 to 21:00",,"32","Nhà Bè, Hồ Chí Minh","MPVR+V2F, Huỳnh Tấn Phát","Quán Trà Sữa - Huỳnh Tấn Phát",,"https://www.google.com/maps/search/?api=1&query=Qu%C3%A1n%20Tr%C3%A0%20S%E1%BB%AFa%20-%20Hu%E1%BB%B3nh%20T%E1%BA%A5n%20Ph%C3%A1t&query_place_id=ChIJKbp-WrE6dTERRMs1YEL2Sg8",,"0"
"MPWM+G7Q, 1806, Phú Xuân, Nhà Bè, Hồ Chí Minh, Việt Nam","Nhà hàng","true",,,"10.6963274","106.7332226",,"Thứ Ba","08:00 to 22:00","Thứ Tư","08:00 to 22:00","Thứ Năm","08:00 to 22:00","Thứ Sáu","08:00 to 22:00","Thứ Bảy","08:00 to 22:00","Chủ Nhật","08:00 to 22:00","Thứ Hai","08:00 to 22:00",,"31","Nhà Bè, Hồ Chí Minh","MPWM+G7Q, 1806","Quán Ăn Gia Bình Sông Quê 6","4","https://www.google.com/maps/search/?api=1&query=Qu%C3%A1n%20%C4%82n%20Gia%20B%C3%ACnh%20S%C3%B4ng%20Qu%C3%AA%206&query_place_id=ChIJDWXDuK06dTERtB6j3VTXvmM",,"1"
"48/82/7 Đặng Nhữ Lâm, TT. Nhà Bè, Nhà Bè, Hồ Chí Minh, Việt Nam","Nhà hàng ăn nhanh","false",,,"10.6946163","106.7403803",,"Thứ Ba","Mở cửa cả ngày","Thứ Tư","Mở cửa cả ngày","Thứ Năm","Mở cửa cả ngày","Thứ Sáu","Mở cửa cả ngày","Thứ Bảy","Mở cửa cả ngày","Chủ Nhật","Mở cửa cả ngày","Thứ Hai","Mở cửa cả ngày",,"36","Nhà Bè, Hồ Chí Minh","48/82/7 Đặng Nhữ Lâm","Cao lầu Cô Thu","5","https://www.google.com/maps/search/?api=1&query=Cao%20l%E1%BA%A7u%20C%C3%B4%20Thu&query_place_id=ChIJkb2Qe-87dTER-voCjAAsAK0",,"2"
"MPWQ+MP8, Huỳnh Tấn Phát, TT. Nhà Bè, Nhà Bè, Hồ Chí Minh, Việt Nam","Nhà hàng","true",,,"10.6966531","106.739329",,"Thứ Ba","07:00 to 22:00","Thứ Tư","07:00 to 22:00","Thứ Năm","07:00 to 22:00","Thứ Sáu","07:00 to 22:00","Thứ Bảy","07:00 to 22:00","Chủ Nhật","07:00 to 22:00","Thứ Hai","07:00 to 22:00",,"35","Nhà Bè, Hồ Chí Minh","MPWQ+MP8, Huỳnh Tấn Phát","Quán Cơm Tấm Sáu Việt","5","https://www.google.com/maps/search/?api=1&query=Qu%C3%A1n%20C%C6%A1m%20T%E1%BA%A5m%20S%C3%A1u%20Vi%E1%BB%87t&query_place_id=ChIJ7T9fWLE6dTER6NeAH0XYW2c",,"1"
"329 Huỳnh Tấn Phát, TT. Nhà Bè, Nhà Bè, Hồ Chí Minh, Việt Nam","Nhà hàng cơm","true",,,"10.6931283","106.7408357",,"Thứ Ba","06:00 to 21:00","Thứ Tư","06:00 to 21:00","Thứ Năm","06:00 to 21:00","Thứ Sáu","06:00 to 21:00","Thứ Bảy","06:00 to 21:00","Chủ Nhật","06:00 to 21:00","Thứ Hai","06:00 to 21:00",,"33","Nhà Bè, Hồ Chí Minh","329 Huỳnh Tấn Phát","Quán Cơm Tấm Bò Né Anh Thư","4.3","https://www.google.com/maps/search/?api=1&query=Qu%C3%A1n%20C%C6%A1m%20T%E1%BA%A5m%20B%C3%B2%20N%C3%A9%20Anh%20Th%C6%B0&query_place_id=ChIJ7TXeNbE6dTERuPirY-E2IKE",,"3"
"2185 Huỳnh Tấn Phát, TT. Nhà Bè, Nhà Bè, Hồ Chí Minh, Việt Nam","Nhà hàng","false","https://food.google.com/chooseprovider?restaurantId=/g/11s57frky_&g2lbs=AOHF13ltfV8vrpk6RV2Xemzn_CUzSzhhPjs7pnBzdZ4iuuk4wrsYDMu91chdscTaujgN7X3VvREmMYKeuUm5DDSaaOxhqtMkgGfNdc-nLjV_jlY9XDRk7bVKQCt_2mn4w5Q692TrVvz-&hl=vi-US&gl=us&fo_m=MfohQo559jFvMUOzJVpjPL1YMfZ3bInYwBDuMfaXTPp5KXh-&utm_source=tactile&gei=7XB6ZsSdGams5NoP8OGniAo&ei=7XB6ZsSdGams5NoP8OGniAo&fo_s=OA,SOE&opi=79508299&foub=mcpp",,"10.6907101","106.7417974",,"Thứ Ba","06:00 to 22:00","Thứ Tư","06:00 to 22:00","Thứ Năm","06:00 to 22:00","Thứ Sáu","06:00 to 22:00","Thứ Bảy","06:00 to 22:00","Chủ Nhật","06:00 to 22:00","Thứ Hai","06:00 to 22:00",,"34","Nhà Bè, Hồ Chí Minh","2185 Huỳnh Tấn Phát","Mỳ cay - Gà Rán - Trà Sữa- Ăn Vặt 79","4.2","https://www.google.com/maps/search/?api=1&query=M%E1%BB%B3%20cay%20-%20G%C3%A0%20R%C3%A1n%20-%20Tr%C3%A0%20S%E1%BB%AFa-%20%C4%82n%20V%E1%BA%B7t%2079&query_place_id=ChIJd5R1nzA7dTERM6S32aZ6YxY",,"11"
"286 Huỳnh Tấn Phát, Phú Xuân, Nhà Bè, Hồ Chí Minh, Việt Nam","Nhà hàng","true",,,"10.6950761","106.7384694",,"Thứ Ba","09:00 to 22:00","Thứ Tư","09:00 to 22:00","Thứ Năm","09:00 to 22:00","Thứ Sáu","09:00 to 22:00","Thứ Bảy","09:00 to 22:00","Chủ Nhật","09:00 to 22:00","Thứ Hai","09:00 to 22:00",,"32","Nhà Bè, Hồ Chí Minh","286 Huỳnh Tấn Phát","Quán Ăn Phú Quý","4","https://www.google.com/maps/search/?api=1&query=Qu%C3%A1n%20%C4%82n%20Ph%C3%BA%20Qu%C3%BD&query_place_id=ChIJue8h0rM6dTERDWnlvSqiZ8Q",,"3"
"19 Huỳnh Tấn Phát, TT. Nhà Bè, Nhà Bè, Hồ Chí Minh, Việt Nam","Nhà hàng chuyên phục vụ bữa sáng","true",,,"10.6970829","106.73947",,,,,,,,,,,,,,,,,"29","Nhà Bè, Hồ Chí Minh","19 Huỳnh Tấn Phát","Bò né Út Xuyến",,"https://www.google.com/maps/search/?api=1&query=B%C3%B2%20n%C3%A9%20%C3%9At%20Xuy%E1%BA%BFn&query_place_id=ChIJE3PK9YM7dTERXe4-9WkLAMM",,"0"
"48/8 Hẻm 342, TT. Nhà Bè, Nhà Bè, Hồ Chí Minh, Việt Nam","Nhà hàng Anh hiện đại","false","https://food.google.com/chooseprovider?restaurantId=/g/11k646cy8s&g2lbs=AOHF13nLzfSU4Wyq6cwQP1qjUCXYqowIU7D3RAEsqN3AkQ-NToSdCvZXbZBwPRxKLwG0qQvSt6Fwokyfh430f5pxbyu7E3EXRmbWH-7mVCSXOMMp4IBM1cpFMFzzwmKpR7UAyjZDEEdF&hl=vi-US&gl=us&fo_m=MfohQo559jFvMUOzJVpjPL1YMfZ3bInYwBDuMfaXTPp5KXh-&utm_source=tactile&gei=AHF6ZpyBIvSt5NoP5Y2CkAo&ei=AHF6ZpyBIvSt5NoP5Y2CkAo&fo_s=OA,SOE&opi=79508299&foub=mcpp",,"10.6939047","106.7399091",,"Thứ Ba","06:00 to 21:00","Thứ Tư","06:00 to 21:00","Thứ Năm","06:00 to 21:00","Thứ Sáu","06:00 to 21:00","Thứ Bảy","06:00 to 21:00","Chủ Nhật","06:00 to 21:00","Thứ Hai","06:00 to 21:00",,"30","Nhà Bè, Hồ Chí Minh","48/8 Hẻm 342","Ăn vặt Hùng Anh 1942/24","4.5","https://www.google.com/maps/search/?api=1&query=%C4%82n%20v%E1%BA%B7t%20H%C3%B9ng%20Anh%201942%2F24&query_place_id=ChIJ95Rc4JQ7dTER6evCgy1WPTQ",,"2"
"19 Huỳnh Tấn Phát, TT. Nhà Bè, Nhà Bè, Hồ Chí Minh, Việt Nam","Nhà hàng","true",,,"10.6970972","106.7394932",,"Thứ Ba","06:00 to 22:00","Thứ Tư","06:00 to 22:00","Thứ Năm","06:00 to 22:00","Thứ Sáu","06:00 to 22:00","Thứ Bảy","06:00 to 22:00","Chủ Nhật","06:00 to 22:00","Thứ Hai","06:00 to 22:00",,"28","Nhà Bè, Hồ Chí Minh","19 Huỳnh Tấn Phát","Quán Phở 19/9","4.5","https://www.google.com/maps/search/?api=1&query=Qu%C3%A1n%20Ph%E1%BB%9F%2019%2F9&query_place_id=ChIJVVmPCbM6dTERunsDYEY3pLo",,"2"
"KC76/2 Huỳnh Tấn Phát, Phú Xuân, Nhà Bè, Hồ Chí Minh, Việt Nam","Quán mì","false",,,"10.6925582","106.7389068",,"Thứ Ba","10:00 to 20:00","Thứ Tư","10:00 to 20:00","Thứ Năm","10:00 to 20:00","Thứ Sáu","10:00 to 20:00","Thứ Bảy","10:00 to 20:00","Chủ Nhật","10:00 to 20:00","Thứ Hai","10:00 to 20:00",,"27","Nhà Bè, Hồ Chí Minh","KC76/2 Huỳnh Tấn Phát","NOODLE PLUS",,"https://www.google.com/maps/search/?api=1&query=NOODLE%20PLUS&query_place_id=ChIJrU-Sjag7dTER5MoSEOxt438",,"0"
"206/124, Huỳnh Tấn Phát, Huyện Nhà Bè, Phú Xuân, Nhà Bè, Hồ Chí Minh, Việt Nam","Nhà hàng","true",,,"10.6968102","106.7360123",,"Thứ Ba","09:00 to 21:00","Thứ Tư","09:00 to 21:00","Thứ Năm","09:00 to 21:00","Thứ Sáu","09:00 to 21:00","Thứ Bảy","09:00 to 21:00","Chủ Nhật","09:00 to 21:00","Thứ Hai","09:00 to 21:00","$$","26","Nhà Bè, Hồ Chí Minh","206/124, Huỳnh Tấn Phát, Huyện Nhà Bè","Quán Bờ Sông Thanh Thảo","4.2","https://www.google.com/maps/search/?api=1&query=Qu%C3%A1n%20B%E1%BB%9D%20S%C3%B4ng%20Thanh%20Th%E1%BA%A3o&query_place_id=ChIJd5jZZLI6dTERkl0bRMSDWxo","https://www.google.com/mapmaker?hl=vi","52"
"2018 Huỳnh Tấn Phát, TT. Nhà Bè, Nhà Bè, Hồ Chí Minh, Việt Nam","Nhà hàng","true",,,"10.6918375","106.7410317",,"Thứ Ba","10:00 to 21:00","Thứ Tư","10:00 to 21:00","Thứ Năm","10:00 to 21:00","Thứ Sáu","10:00 to 21:00","Thứ Bảy","10:00 to 21:00","Chủ Nhật","10:00 to 21:00","Thứ Hai","10:00 to 21:00","$$","25","Nhà Bè, Hồ Chí Minh","2018 Huỳnh Tấn Phát","Quán 22","4.3","https://www.google.com/maps/search/?api=1&query=Qu%C3%A1n%2022&query_place_id=ChIJtQIiK7E6dTERcqmoPBdet3M",,"71"
"MPQR+MQC, Huỳnh Tấn Phát, TT. Nhà Bè, Nhà Bè, Hồ Chí Minh, Việt Nam","Nhà hàng châu Á","true",,,"10.6891984","106.7419047",,,,,,,,,,,,,,,,,"24","Nhà Bè, Hồ Chí Minh","MPQR+MQC, Huỳnh Tấn Phát","Cơm tấm ngô quyền",,"https://www.google.com/maps/search/?api=1&query=C%C6%A1m%20t%E1%BA%A5m%20ng%C3%B4%20quy%E1%BB%81n&query_place_id=ChIJU1PSdQA7dTERs4bcQG8J0wU",,"0"
"1998A Huỳnh Tấn Phát, TT. Nhà Bè, Nhà Bè, Hồ Chí Minh 700000, Việt Nam","Nhà hàng châu Á","true",,,"10.6923816","106.7408708",,,,,,,,,,,,,,,,,"22","Nhà Bè, Hồ Chí Minh","1998A Huỳnh Tấn Phát","Kiệm Bò lá lốt mỡ chài","5","https://www.google.com/maps/search/?api=1&query=Ki%E1%BB%87m%20B%C3%B2%20l%C3%A1%20l%E1%BB%91t%20m%E1%BB%A1%20ch%C3%A0i&query_place_id=ChIJiZ_LcAA7dTERUrdEln3-ZSI",,"1"
"1790 Huỳnh Tấn Phát, TT. Nhà Bè, Nhà Bè, Hồ Chí Minh, Việt Nam","Nhà hàng","false",,,"10.6977417","106.7389529",,"Thứ Ba","06:00 to 12:30, 15:30 to 21:00","Thứ Tư","06:00 to 12:30, 15:30 to 21:00","Thứ Năm","06:00 to 12:30, 15:30 to 21:00","Thứ Sáu","06:00 to 12:30, 15:30 to 21:00","Thứ Bảy","06:00 to 12:30, 15:30 to 21:00","Chủ Nhật","06:00 to 13:00","Thứ Hai","06:00 to 13:00, 15:30 to 21:00",,"8","Nhà Bè, Hồ Chí Minh","1790 Huỳnh Tấn Phát","Phở Cô Hai",,"https://www.google.com/maps/search/?api=1&query=Ph%E1%BB%9F%20C%C3%B4%20Hai&query_place_id=ChIJCQKeqOo7dTERmkLRhpn67OQ",,"0"
"28/8 1971, 28/8 Huỳnh Tấn Phát, TT. Nhà Bè, Nhà Bè, Hồ Chí Minh, Việt Nam","Nhà hàng châu Á","true",,,"10.6970759","106.73967",,,,,,,,,,,,,,,,,"21","Nhà Bè, Hồ Chí Minh","28/8 1971, 28/8 Huỳnh Tấn Phát","Bò né - bò né","5","https://www.google.com/maps/search/?api=1&query=B%C3%B2%20n%C3%A9%20-%20b%C3%B2%20n%C3%A9&query_place_id=ChIJXY7lSgA7dTEReeTz42OQLqg",,"1"
"1942 Huỳnh Tấn Phát, TT. Nhà Bè, Nhà Bè, Hồ Chí Minh, Việt Nam","Nhà hàng phở","true",,,"10.6938412","106.7400256",,"Thứ Ba","07:00 to 21:00","Thứ Tư","07:00 to 21:00","Thứ Năm","07:00 to 21:00","Thứ Sáu","07:00 to 21:00","Thứ Bảy","07:00 to 21:00","Chủ Nhật","07:00 to 21:00","Thứ Hai","07:00 to 21:00",,"2","Nhà Bè, Hồ Chí Minh","1942 Huỳnh Tấn Phát","Phở Thìn 2","3.4","https://www.google.com/maps/search/?api=1&query=Ph%E1%BB%9F%20Th%C3%ACn%202&query_place_id=ChIJdQc2F6s7dTERZdTYLUoLBeA",,"7"
"94 Huỳnh Tấn Phát, Phú Xuân, Nhà Bè, Hồ Chí Minh, Việt Nam","Nhà hàng","true",,,"10.6924972","106.7374526",,"Thứ Ba","10:00 to 21:00","Thứ Tư","10:00 to 21:00","Thứ Năm","10:00 to 21:00","Thứ Sáu","10:00 to 21:00","Thứ Bảy","10:00 to 21:00","Chủ Nhật","10:00 to 21:00","Thứ Hai","10:00 to 21:00",,"1","Nhà Bè, Hồ Chí Minh","94 Huỳnh Tấn Phát","Quán Cô Yến ( Ăn Vặt Cô Yến)","3.8","https://www.google.com/maps/search/?api=1&query=Qu%C3%A1n%20C%C3%B4%20Y%E1%BA%BFn%20(%20%C4%82n%20V%E1%BA%B7t%20C%C3%B4%20Y%E1%BA%BFn)&query_place_id=ChIJZXbLDA87dTER4aWb3sWPSrs","https://www.facebook.com/Qu%C3%A1n-%C4%82n-C%C3%B4-Y%E1%BA%BFn-624939404629840/?ref=br_rs","10"
"71 Đ. Đào Tông Nguyên, Phú Xuân, Nhà Bè, Hồ Chí Minh, Việt Nam","Quán ăn nhỏ","true",,,"10.6842564","106.7498051",,"Thứ Ba","10:30 to 14:00","Thứ Tư","10:30 to 14:00","Thứ Năm","10:30 to 14:00","Thứ Sáu","10:30 to 14:00","Thứ Bảy","10:30 to 14:00","Chủ Nhật","10:30 to 14:00","Thứ Hai","10:30 to 14:00",,"59","Nhà Bè, Hồ Chí Minh","71 Đ. Đào Tông Nguyên","Cơm trưa Cô Thu","5","https://www.google.com/maps/search/?api=1&query=C%C6%A1m%20tr%C6%B0a%20C%C3%B4%20Thu&query_place_id=ChIJDZXUsf07dTER4U34p6_cDIQ",,"3"
"459 Huỳnh Tấn Phát, TT. Nhà Bè, Nhà Bè, Hồ Chí Minh, Việt Nam","Nhà hàng","true",,,"10.6879233","106.7428625",,,,,,,,,,,,,,,,,"39","Nhà Bè, Hồ Chí Minh","459 Huỳnh Tấn Phát","Quán Thái Văn",,"https://www.google.com/maps/search/?api=1&query=Qu%C3%A1n%20Th%C3%A1i%20V%C4%83n&query_place_id=ChIJFfm5w7k6dTER2vfGu8lPkO0",,"0"
"2295 Huỳnh Tấn Phát, TT. Nhà Bè, Nhà Bè, Hồ Chí Minh, Việt Nam","Quán ăn nhẹ","false",,,"10.686449","106.7440011",,"Thứ Ba","09:00 to 17:00","Thứ Tư","Đóng cửa","Thứ Năm","Đóng cửa","Thứ Sáu","Đóng cửa","Thứ Bảy","Đóng cửa","Chủ Nhật","09:00 to 17:00","Thứ Hai","Mở cửa cả ngày",,"29","Nhà Bè, Hồ Chí Minh","2295 Huỳnh Tấn Phát","Phở Minh Tú",,"https://www.google.com/maps/search/?api=1&query=Ph%E1%BB%9F%20Minh%20T%C3%BA&query_place_id=ChIJTbYEagk7dTERWRRHe2JfnAI",,"0"
"27 Huỳnh Tấn Phát, TT. Nhà Bè, Nhà Bè, Hồ Chí Minh, Việt Nam","Nhà hàng gia đình","true",,,"10.6831568","106.7462479",,,,,,,,,,,,,,,,,"33","Nhà Bè, Hồ Chí Minh","27 Huỳnh Tấn Phát","Cơm Tấm Phi","4.8","https://www.google.com/maps/search/?api=1&query=C%C6%A1m%20T%E1%BA%A5m%20Phi&query_place_id=ChIJp1cu_4Q7dTERfF0u1K6TYGA",,"5"
"Hẻm 2266 Huỳnh Tấn Phát, Phú Xuân, Nhà Bè, Hồ Chí Minh, Việt Nam","Nhà hàng thịt gà","true",,,"10.682339","106.7467792",,"Thứ Ba","10:30 to 21:00","Thứ Tư","10:30 to 21:00","Thứ Năm","10:30 to 21:00","Thứ Sáu","10:30 to 21:00","Thứ Bảy","10:30 to 21:00","Chủ Nhật","10:30 to 21:00","Thứ Hai","10:30 to 21:00",,"27","Nhà Bè, Hồ Chí Minh","Hẻm 2266 Huỳnh Tấn Phát","Cháo vịt Thảo","4.2","https://www.google.com/maps/search/?api=1&query=Ch%C3%A1o%20v%E1%BB%8Bt%20Th%E1%BA%A3o&query_place_id=ChIJjSKpRb86dTERcNzLn1zNcgk",,"43"
"24/2 Đ. Đào Tông Nguyên, Phú Xuân, Nhà Bè, Thành phố Hồ Chí Minh, Việt Nam","Nhà hàng châu Á","true",,,"10.6827919","106.747976",,,,,,,,,,,,,,,,,"58","Nhà Bè, Thành phố Hồ Chí Minh","24/2 Đ. Đào Tông Nguyên","Cafe - Bánh cuốn Kim","5","https://www.google.com/maps/search/?api=1&query=Cafe%20-%20B%C3%A1nh%20cu%E1%BB%91n%20Kim&query_place_id=ChIJJRIzUu87dTER94sgNDtYaUU",,"1"
"83/67/1 Đ. Đào Tông Nguyên, Phú Xuân, Nhà Bè, Hồ Chí Minh, Việt Nam","Quán bia","false",,,"10.6856566","106.7486228",,"Thứ Ba","15:00 to 23:00","Thứ Tư","15:00 to 23:00","Thứ Năm","15:00 to 23:00","Thứ Sáu","15:00 to 23:00","Thứ Bảy","15:00 to 23:00","Chủ Nhật","15:00 to 23:00","Thứ Hai","15:00 to 23:00",,"56","Nhà Bè, Hồ Chí Minh","83/67/1 Đ. Đào Tông Nguyên","Quán Ôc Bụi 39k","4.8","https://www.google.com/maps/search/?api=1&query=Qu%C3%A1n%20%C3%94c%20B%E1%BB%A5i%2039k&query_place_id=ChIJM2WHKkQ7dTERRCVrzfT_hng",,"11"
"67/19 Đ. Đào Tông Nguyên, Phú Xuân, Nhà Bè, Hồ Chí Minh, Việt Nam","Quán mì","true",,,"10.6840655","106.7491155",,"Thứ Ba","06:00 to 11:00","Thứ Tư","06:00 to 11:00","Thứ Năm","06:00 to 11:00","Thứ Sáu","06:00 to 11:00","Thứ Bảy","06:00 to 11:00","Chủ Nhật","06:00 to 11:00","Thứ Hai","06:00 to 11:00",,"53","Nhà Bè, Hồ Chí Minh","67/19 Đ. Đào Tông Nguyên","Hủ Tíu Tôm Mực Sườn",,"https://www.google.com/maps/search/?api=1&query=H%E1%BB%A7%20T%C3%ADu%20T%C3%B4m%20M%E1%BB%B1c%20S%C6%B0%E1%BB%9Dn&query_place_id=ChIJnZWTXQA7dTER-JMWdpOv_NY",,"0"
"Phú Xuân, Nhà Bè, Hồ Chí Minh, Việt Nam","Nhà hàng","true",,,"10.6827717","106.7480643",,,,,,,,,,,,,,,,,"52","Nhà Bè, Hồ Chí Minh",,"Cơm Trưa Bình Dân Phần - Dĩa - Hộp","5","https://www.google.com/maps/search/?api=1&query=C%C6%A1m%20Tr%C6%B0a%20B%C3%ACnh%20D%C3%A2n%20Ph%E1%BA%A7n%20-%20D%C4%A9a%20-%20H%E1%BB%99p&query_place_id=ChIJsxpgscA6dTERx98ADTIz5qA",,"2"
"2373 Huỳnh Tấn Phát, TT. Nhà Bè, Nhà Bè, Hồ Chí Minh, Việt Nam","Nhà hàng ăn nhanh","false",,,"10.6837342","106.7458055",,"Thứ Ba","16:00 to 22:00","Thứ Tư","16:00 to 22:00","Thứ Năm","16:00 to 22:00","Thứ Sáu","16:00 to 22:00","Thứ Bảy","16:00 to 22:00","Chủ Nhật","16:00 to 22:00","Thứ Hai","16:00 to 22:00",,"50","Nhà Bè, Hồ Chí Minh","2373 Huỳnh Tấn Phát","Bột Chiên Sài Gòn","5","https://www.google.com/maps/search/?api=1&query=B%E1%BB%99t%20Chi%C3%AAn%20S%C3%A0i%20G%C3%B2n&query_place_id=ChIJ0wMu6hE7dTERQbVQpY1_kBo",,"5"
"24/9 Đ. Đào Tông Nguyên, Phú Xuân, Nhà Bè, Hồ Chí Minh, Việt Nam","Tư vấn viên","true",,,"10.6823486","106.7476149",,,,,,,,,,,,,,,,,"48","Nhà Bè, Hồ Chí Minh","24/9 Đ. Đào Tông Nguyên","Passion HCS - Tư Vấn Quản Lý & Set Up Nhà Hàng Theo Tiêu Chuẩn VTOS","5","https://www.google.com/maps/search/?api=1&query=Passion%20HCS%20-%20T%C6%B0%20V%E1%BA%A5n%20Qu%E1%BA%A3n%20L%C3%BD%20%26%20Set%20Up%20Nh%C3%A0%20H%C3%A0ng%20Theo%20Ti%C3%AAu%20Chu%E1%BA%A9n%20VTOS&query_place_id=ChIJv4Q4scA6dTERvznEPudNHo4",,"1"
"45B Đ. Đào Tông Nguyên, Phú Xuân, Nhà Bè, Hồ Chí Minh, Việt Nam","Nhà hàng","true",,,"10.6831798","106.7483937",,"Thứ Ba","06:00 to 11:00","Thứ Tư","06:00 to 11:00","Thứ Năm","06:00 to 11:00","Thứ Sáu","06:00 to 11:00","Thứ Bảy","06:00 to 11:00","Chủ Nhật","06:00 to 11:00","Thứ Hai","06:00 to 11:00",,"47","Nhà Bè, Hồ Chí Minh","45B Đ. Đào Tông Nguyên","Bún bò huế Gia Hội","5","https://www.google.com/maps/search/?api=1&query=B%C3%BAn%20b%C3%B2%20hu%E1%BA%BF%20Gia%20H%E1%BB%99i&query_place_id=ChIJjdf2-bc7dTER8NF_dDhZK50",,"2"
"10, 682367/106 746737, Thành phố Hồ Chí Minh, Hồ Chí Minh, Việt Nam","Quán ăn nhỏ","false","https://food.google.com/chooseprovider?restaurantId=/g/11vzpjdtxn&g2lbs=AOHF13mcL-fPGVOh139m2DiutVK7OBEYxHftryETyyvx5VEZSP1lL_Ri0YXYoiReyHIT2fxlFiyXdUtOaY-XCa9MaGU9Ui2xlxQvigl1PYAFQLAvJdZ1CpA%3D&hl=vi-US&gl=us&fo_m=MfohQo559jFvMUOzJVpjPL1YMfZ3bInYwBDuMfaXTPp5KXh-&utm_source=tactile&gei=gHF6ZqOhEe2Pur8PoImZgAU&ei=gHF6ZqOhEe2Pur8PoImZgAU&fo_s=OA,SOE&opi=79508299&foub=mcpp",,"10.6823312","106.7467438",,,,,,,,,,,,,,,,,"46","Thành phố Hồ Chí Minh, Hồ Chí Minh","10, 682367/106 746737","Bếp Mẹ Win",,"https://www.google.com/maps/search/?api=1&query=B%E1%BA%BFp%20M%E1%BA%B9%20Win&query_place_id=ChIJVf-eeWw7dTERN_8CVPzf17A",,"0"
"9 Huỳnh Tấn Phát, TT. Nhà Bè, Nhà Bè, Hồ Chí Minh, Việt Nam","Nhà hàng điểm tâm","false",,,"10.6827384","106.7465083",,"Thứ Ba","06:00 to 11:30, 17:30 to 22:00","Thứ Tư","06:00 to 11:30, 17:30 to 22:00","Thứ Năm","06:00 to 11:30, 17:30 to 22:00","Thứ Sáu","06:00 to 11:30, 17:30 to 22:00","Thứ Bảy","06:00 to 11:30, 17:30 to 22:00","Chủ Nhật","06:00 to 11:30, 17:00 to 22:00","Thứ Hai","06:00 to 11:30, 17:30 to 22:00",,"45","Nhà Bè, Hồ Chí Minh","9 Huỳnh Tấn Phát","Hủ Tiếu Bến Tre 20-25-30k (Thịt,Bò Viên,Trứng Cút,Phèo,Xương,Giò))",,"https://www.google.com/maps/search/?api=1&query=H%E1%BB%A7%20Ti%E1%BA%BFu%20B%E1%BA%BFn%20Tre%2020-25-30k%20(Th%E1%BB%8Bt%2CB%C3%B2%20Vi%C3%AAn%2CTr%E1%BB%A9ng%20C%C3%BAt%2CPh%C3%A8o%2CX%C6%B0%C6%A1ng%2CGi%C3%B2))&query_place_id=ChIJh4neXtY7dTERqvR5f09P3z4",,"0"
"22/8 Huỳnh Tấn Phát, Phú Xuân, Nhà Bè, Hồ Chí Minh, Việt Nam","Quán mì","true",,,"10.6821787","106.7468945",,"Thứ Ba","06:00 to 21:00","Thứ Tư","06:00 to 21:00","Thứ Năm","06:00 to 21:00","Thứ Sáu","06:00 to 21:00","Thứ Bảy","06:00 to 21:00","Chủ Nhật","06:00 to 21:00","Thứ Hai","06:00 to 21:00",,"42","Nhà Bè, Hồ Chí Minh","22/8 Huỳnh Tấn Phát","Tiệm Mì Tàu A Vũ","3.8","https://www.google.com/maps/search/?api=1&query=Ti%E1%BB%87m%20M%C3%AC%20T%C3%A0u%20A%20V%C5%A9&query_place_id=ChIJPc54usA6dTERkXbjk-ZEJUI",,"4"
"3 Đ. Đào Tông Nguyên, Phú Xuân, Nhà Bè, Hồ Chí Minh, Việt Nam","Nhà hàng","true","https://food.google.com/chooseprovider?restaurantId=/g/11k44d_l8c&g2lbs=AOHF13lffeD0Ev1PQSOT75r0pAIg5wEYlybXWh9oN213IWj5_dWAhMzS0WOdlLFIEdXua8o1LWRJvLUOq1HmiaA0N4j7FEGdjGZi5r-taYpFa5_CsNCen0I%3D&hl=vi-US&gl=us&fo_m=MfohQo559jFvMUOzJVpjPL1YMfZ3bInYwBDuMfaXTPp5KXh-&utm_source=tactile&gei=i3F6Zsj8LZCLkPIP0Nm3mAE&ei=i3F6Zsj8LZCLkPIP0Nm3mAE&fo_s=OA,SOE&opi=79508299&foub=mcpp",,"10.6821354","106.7473048",,"Thứ Ba","06:30 to 19:00","Thứ Tư","06:30 to 19:00","Thứ Năm","06:30 to 19:00","Thứ Sáu","06:30 to 19:00","Thứ Bảy","06:30 to 19:00","Chủ Nhật","06:30 to 19:00","Thứ Hai","06:30 to 19:00",,"26","Nhà Bè, Hồ Chí Minh","3 Đ. Đào Tông Nguyên","Phở Ngọc",,"https://www.google.com/maps/search/?api=1&query=Ph%E1%BB%9F%20Ng%E1%BB%8Dc&query_place_id=ChIJSZG0w1g7dTERHBqJS1qDLJw",,"0"
"Huỳnh Tấn Phát, TT. Nhà Bè, Nhà Bè, Hồ Chí Minh, Việt Nam","Nhà hàng","false",,,"10.6864301","106.7439177",,"Thứ Ba","06:00 to 22:00","Thứ Tư","06:00 to 22:00","Thứ Năm","06:00 to 22:00","Thứ Sáu","06:00 to 22:00","Thứ Bảy","06:00 to 22:00","Chủ Nhật","06:00 to 22:00","Thứ Hai","06:00 to 22:00",,"23","Nhà Bè, Hồ Chí Minh","Huỳnh Tấn Phát","COFFE & BEER 2295","4.4","https://www.google.com/maps/search/?api=1&query=COFFE%20%26%20BEER%202295&query_place_id=ChIJybX2FIU7dTER1LHCuuecgj8",,"23"
"MPPV+V9J, Nguyễn Thị Hương, TT. Nhà Bè, Nhà Bè, Hồ Chí Minh, Việt Nam","Nhà hàng","true",,,"10.6872217","106.7434058",,"Thứ Ba","08:00 to 21:00","Thứ Tư","08:00 to 21:00","Thứ Năm","08:00 to 21:00","Thứ Sáu","08:00 to 21:00","Thứ Bảy","08:00 to 21:00","Chủ Nhật","08:00 to 21:00","Thứ Hai","08:00 to 21:00",,"24","Nhà Bè, Hồ Chí Minh","MPPV+V9J, Nguyễn Thị Hương","Quán Bê Thui Nóng Tuấn Mập","3.9","https://www.google.com/maps/search/?api=1&query=Qu%C3%A1n%20B%C3%AA%20Thui%20N%C3%B3ng%20Tu%E1%BA%A5n%20M%E1%BA%ADp&query_place_id=ChIJQ_WPPKo7dTERxmHIOpao9JE",,"81"
"126/33 Đ. Đào Tông Nguyên, Phú Xuân, Nhà Bè, Hồ Chí Minh, Việt Nam","Nhà hàng","false",,,"10.6855047","106.7513493",,"Thứ Ba","Mở cửa cả ngày","Thứ Tư","Mở cửa cả ngày","Thứ Năm","Mở cửa cả ngày","Thứ Sáu","Mở cửa cả ngày","Thứ Bảy","Mở cửa cả ngày","Chủ Nhật","Mở cửa cả ngày","Thứ Hai","Mở cửa cả ngày",,"21","Nhà Bè, Hồ Chí Minh","126/33 Đ. Đào Tông Nguyên","Ngoc Minh Restaurant","5","https://www.google.com/maps/search/?api=1&query=Ngoc%20Minh%20Restaurant&query_place_id=ChIJtfgTbOQ7dTERJ_Q71W-9ccs",,"3"
"16 Đ. Đào Tông Nguyên, Phú Xuân, Nhà Bè, Hồ Chí Minh, Việt Nam","Nhà hàng","true",,,"10.682643","106.7481605",,,,,,,,,,,,,,,,,"20","Nhà Bè, Hồ Chí Minh","16 Đ. Đào Tông Nguyên","Công Ty Tnhh Thương Mại Lộc Thành Phát",,"https://www.google.com/maps/search/?api=1&query=C%C3%B4ng%20Ty%20Tnhh%20Th%C6%B0%C6%A1ng%20M%E1%BA%A1i%20L%E1%BB%99c%20Th%C3%A0nh%20Ph%C3%A1t&query_place_id=ChIJp2bcNcc6dTERXN5bQrVwyF4",,"0"
"238, Huỳnh Tấn Phát, Khu Phố 4, Nhà Bè, Hồ Chí Minh, Việt Nam","Nhà hàng bán đồ ăn mang về","true",,,"10.6861647","106.7446547",,,,,,,,,,,,,,,,,"8","Nhà Bè, Hồ Chí Minh","238, Huỳnh Tấn Phát","Quán 238",,"https://www.google.com/maps/search/?api=1&query=Qu%C3%A1n%20238&query_place_id=ChIJ21zxJZY7dTERqoy4QLVIJcw",,"0"
"83/76/21/4 Đ. Đào Tông Nguyên, TT. Nhà Bè, Nhà Bè, Hồ Chí Minh, Việt Nam","Nhà hàng bán đồ ăn mang về","true",,,"10.6863449","106.7490003","Chung cư Sài Gòn Mới","Thứ Ba","13:30 to 22:30","Thứ Tư","13:30 to 22:30","Thứ Năm","13:30 to 22:30","Thứ Sáu","13:30 to 22:30","Thứ Bảy","13:30 to 22:30","Chủ Nhật","13:30 to 22:30","Thứ Hai","13:30 to 22:30",,"5","Nhà Bè, Hồ Chí Minh","83/76/21/4 Đ. Đào Tông Nguyên","Phạm - Chè khúc bạch phô mai SG",,"https://www.google.com/maps/search/?api=1&query=Ph%E1%BA%A1m%20-%20Ch%C3%A8%20kh%C3%BAc%20b%E1%BA%A1ch%20ph%C3%B4%20mai%20SG&query_place_id=ChIJBX8b5LY7dTER-DqGS4i4Vjs","http://facebook.com/phamkhucbachphomai","0"
"2315 Huỳnh Tấn Phát, TT. Nhà Bè, Nhà Bè, Hồ Chí Minh, Việt Nam","Nhà hàng","false","https://food.google.com/chooseprovider?restaurantId=/g/11sgzwb17g&g2lbs=AOHF13ntSRNixKi1__6B64B5AByu92xwOFMlLbre_nVnIPsrmUfuPTYmReMGD4fXU1b_M8anPI06Xz__uK8J3IKAqOMzc7hHqLO-gpVjqCuOQQ1ycDUHojc%3D&hl=vi-US&gl=us&fo_m=MfohQo559jFvMUOzJVpjPL1YMfZ3bInYwBDuMfaXTPp5KXh-&utm_source=tactile&gei=onF6ZqraLYv9kPIPofu2kAk&ei=onF6ZqraLYv9kPIPofu2kAk&fo_s=OA,SOE&opi=79508299&foub=mcpp",,"10.6856242","106.744494",,"Thứ Ba","10:00 to 23:00","Thứ Tư","10:00 to 23:00","Thứ Năm","10:00 to 23:00","Thứ Sáu","10:00 to 23:00","Thứ Bảy","10:00 to 23:00","Chủ Nhật","10:00 to 23:00","Thứ Hai","10:00 to 23:00",,"3","Nhà Bè, Hồ Chí Minh","2315 Huỳnh Tấn Phát","Quán Chè Quỳnh Anh","3.5","https://www.google.com/maps/search/?api=1&query=Qu%C3%A1n%20Ch%C3%A8%20Qu%E1%BB%B3nh%20Anh&query_place_id=ChIJ6bhi9EwldTER6lkGbsulqU4",,"4"
"24 Đ. Đào Tông Nguyên, Phú Xuân, Nhà Bè, Hồ Chí Minh, Việt Nam","Quán ăn nhỏ","false",,,"10.6834957","106.7486911",,"Thứ Ba","10:00 to 21:00","Thứ Tư","10:00 to 21:00","Thứ Năm","10:00 to 21:00","Thứ Sáu","10:00 to 21:00","Thứ Bảy","10:00 to 21:00","Chủ Nhật","10:00 to 21:00","Thứ Hai","10:00 to 21:00","$$","2","Nhà Bè, Hồ Chí Minh","24 Đ. Đào Tông Nguyên","Quán Tư Tàu","4","https://www.google.com/maps/search/?api=1&query=Qu%C3%A1n%20T%C6%B0%20T%C3%A0u&query_place_id=ChIJ11cmNMc6dTER3IVoX-Lb9MY","https://www.foody.vn/ho-chi-minh/quan-tu-tau","105"
"MPVR+M3Q, TT. Nhà Bè, Nhà Bè, Hồ Chí Minh, Việt Nam","Điểm thu hút khách du lịch","true",,,"10.6942125","106.7402431",,,,,,,,,,,,,,,,,"1","Nhà Bè, Hồ Chí Minh","MPVR+M3Q","hung",,"https://www.google.com/maps/search/?api=1&query=hung&query_place_id=ChIJ--g_-BI7dTERa4MHjk0Qabw",,"0"
"16 2020, Phú Xuân, Nhà Bè, Hồ Chí Minh, Việt Nam","Vườn","true",,,"10.6913983","106.7402581",,,,,,,,,,,,,,,,,"10","Nhà Bè, Hồ Chí Minh","16 2020","Kim Tuyen vuon san thuong mini",,"https://www.google.com/maps/search/?api=1&query=Kim%20Tuyen%20vuon%20san%20thuong%20mini&query_place_id=ChIJIRnIwTo7dTERXUB2CrJ50T8",,"0"
"2317 A Huỳnh Tấn Phát, khu phố 7, Nhà Bè, Hồ Chí Minh 084084, Việt Nam","Công viên","false",,,"10.6855608","106.7451181",,"Thứ Ba","Mở cửa cả ngày","Thứ Tư","Mở cửa cả ngày","Thứ Năm","Mở cửa cả ngày","Thứ Sáu","Mở cửa cả ngày","Thứ Bảy","Mở cửa cả ngày","Chủ Nhật","Mở cửa cả ngày","Thứ Hai","Mở cửa cả ngày",,"3","Nhà Bè, Hồ Chí Minh","2317 A Huỳnh Tấn Phát","CONG VIEN ONG LIEM","5","https://www.google.com/maps/search/?api=1&query=CONG%20VIEN%20ONG%20LIEM&query_place_id=ChIJExYGfBc7dTERmX-n9ImRGvk",,"3"
"40 Đ. Đào Tông Nguyên, Phú Xuân, Nhà Bè, Hồ Chí Minh, Việt Nam","Công viên","true",,,"10.6846034","106.7499531",,"Thứ Ba","07:00 to 18:00","Thứ Tư","07:00 to 18:00","Thứ Năm","07:00 to 18:00","Thứ Sáu","07:00 to 18:00","Thứ Bảy","07:00 to 18:00","Chủ Nhật","07:00 to 18:00","Thứ Hai","07:00 to 18:00",,"14","Nhà Bè, Hồ Chí Minh","40 Đ. Đào Tông Nguyên","Vườn rau",,"https://www.google.com/maps/search/?api=1&query=V%C6%B0%E1%BB%9Dn%20rau&query_place_id=ChIJj94CT8w7dTERshaJqqfMj4w",,"0"
"51 Đặng Nhữ Lâm, TT. Nhà Bè, Nhà Bè, Hồ Chí Minh, Việt Nam","Vườn thực vật","false",,,"10.696003","106.743745",,"Thứ Ba","09:00 to 17:00","Thứ Tư","09:00 to 17:00","Thứ Năm","09:00 to 17:00","Thứ Sáu","09:00 to 17:00","Thứ Bảy","09:00 to 17:00","Chủ Nhật","Đóng cửa","Thứ Hai","09:00 to 17:00",,"21","Nhà Bè, Hồ Chí Minh","51 Đặng Nhữ Lâm","Bonsai Saigon Garden","3.7","https://www.google.com/maps/search/?api=1&query=Bonsai%20Saigon%20Garden&query_place_id=ChIJ_SQeIx87dTERJFoAVTYqp6U",,"46"
"116 Huỳnh Tấn Phát, TT. Nhà Bè, Nhà Bè, Hồ Chí Minh, Việt Nam","Vườn","true",,,"10.698486","106.7357434",,,,,,,,,,,,,,,,,"10","Nhà Bè, Hồ Chí Minh","116 Huỳnh Tấn Phát","Pé Rice",,"https://www.google.com/maps/search/?api=1&query=P%C3%A9%20Rice&query_place_id=ChIJpRALzMs7dTERYMfiRc75PSI",,"0"
"MPVG+M35, Phước Kiển, Nhà Bè, Hồ Chí Minh, Việt Nam","Công viên","true",,,"10.6941371","106.7252202",,,,,,,,,,,,,,,,,"3","Nhà Bè, Hồ Chí Minh","MPVG+M35","Công viên cảnh quan de Rio",,"https://www.google.com/maps/search/?api=1&query=C%C3%B4ng%20vi%C3%AAn%20c%E1%BA%A3nh%20quan%20de%20Rio&query_place_id=ChIJHbY3BgU7dTERD818PRmJY4I",,"0"
"71/51/49 Đ. Đào Tông Nguyên, khu phố 7, Nhà Bè, Hồ Chí Minh 758000, Việt Nam","Bãi đỗ xe","true",,,"10.684745","106.747474",,"Thứ Ba","Mở cửa cả ngày","Thứ Tư","Mở cửa cả ngày","Thứ Năm","Mở cửa cả ngày","Thứ Sáu","Mở cửa cả ngày","Thứ Bảy","Mở cửa cả ngày","Chủ Nhật","Mở cửa cả ngày","Thứ Hai","Mở cửa cả ngày",,"26","Nhà Bè, Hồ Chí Minh","71/51/49 Đ. Đào Tông Nguyên","Sân bóng đá Sài gòn mới","5","https://www.google.com/maps/search/?api=1&query=S%C3%A2n%20b%C3%B3ng%20%C4%91%C3%A1%20S%C3%A0i%20g%C3%B2n%20m%E1%BB%9Bi&query_place_id=ChIJ33T3VgA7dTERQTCUOSS6Qms",,"1"
"27 Huỳnh Tấn Phát, TT. Nhà Bè, Nhà Bè, Hồ Chí Minh, Việt Nam","Khách sạn","true",,,"10.6830838","106.7462583",,,,,,,,,,,,,,,,,"24","Nhà Bè, Hồ Chí Minh","27 Huỳnh Tấn Phát","Khách Sạn Phượng Hoàng","4.1","https://www.google.com/maps/search/?api=1&query=Kh%C3%A1ch%20S%E1%BA%A1n%20Ph%C6%B0%E1%BB%A3ng%20Ho%C3%A0ng&query_place_id=ChIJ86lwTb86dTERLfjRi59tIk8",,"33"
"12/19 Huỳnh Tấn Phát, TT. Nhà Bè, Nhà Bè, Hồ Chí Minh, Việt Nam","Khách sạn","true",,,"10.6962444","106.7415244",,,,,,,,,,,,,,,,,"22","Nhà Bè, Hồ Chí Minh","12/19 Huỳnh Tấn Phát","Khách sạn ALYNA","5","https://www.google.com/maps/search/?api=1&query=Kh%C3%A1ch%20s%E1%BA%A1n%20ALYNA&query_place_id=ChIJL97vSE07dTERuhDNbgjzhe0",,"1"
"2389 Huỳnh Tấn Phát, TT. Nhà Bè, Nhà Bè, Hồ Chí Minh, Việt Nam","Khách sạn","true",,,"10.6830916","106.7462426",,,,,,,,,,,,,,,,,"23","Nhà Bè, Hồ Chí Minh","2389 Huỳnh Tấn Phát","Hội An Hotel","3","https://www.google.com/maps/search/?api=1&query=H%E1%BB%99i%20An%20Hotel&query_place_id=ChIJpd77Tb86dTER0aW3bwnueCs",,"1"
"66/1 Đặng Nhữ Lâm, TT. Nhà Bè, Nhà Bè, Hồ Chí Minh, Việt Nam","Khách sạn","true",,,"10.6949472","106.7406132",,,,,,,,,,,,,,,,,"23","Nhà Bè, Hồ Chí Minh","66/1 Đặng Nhữ Lâm","Khach san",,"https://www.google.com/maps/search/?api=1&query=Khach%20san&query_place_id=ChIJF4MSNn87dTERxXX9RhsMmyQ",,"0"
"2375 Huỳnh Tấn Phát, TT. Nhà Bè, Nhà Bè, Hồ Chí Minh, Việt Nam","Khách sạn","true",,,"10.6836079","106.7459853",,,,,,,,,,,,,,,,,"22","Nhà Bè, Hồ Chí Minh","2375 Huỳnh Tấn Phát","Hot tet.thảo thi","3.8","https://www.google.com/maps/search/?api=1&query=Hot%20tet.th%E1%BA%A3o%20thi&query_place_id=ChIJnborrLk6dTER6zUcnxm4c38",,"24"
"89 Huỳnh Tấn Phát, Khu Phố 6, Nhà Bè, Hồ Chí Minh 758000, Việt Nam","Khách sạn","true",,,"10.7004791","106.7384515",,,,,,,,,,,,,,,,,"26","Nhà Bè, Hồ Chí Minh","89 Huỳnh Tấn Phát","Cosy",,"https://www.google.com/maps/search/?api=1&query=Cosy&query_place_id=ChIJDaEF10wldTERLAJTqdNrE1M",,"0"
"1 Đặng Nhữ Lâm, TT. Nhà Bè, Nhà Bè, Hồ Chí Minh, Việt Nam","Khách sạn","true",,,"10.6949472","106.7406132",,,,,,,,,,,,,,,,,"21","Nhà Bè, Hồ Chí Minh","1 Đặng Nhữ Lâm","Nha","5","https://www.google.com/maps/search/?api=1&query=Nha&query_place_id=ChIJs_cY2P47dTERXu4iUmQuoRs",,"1"
"45/3 KP6, Phú Xuân, Nhà Bè, Hồ Chí Minh, Việt Nam","Khách sạn","true",,,"10.6939111","106.737605",,,,,,,,,,,,,,,,,"21","Nhà Bè, Hồ Chí Minh","45/3 KP6","Khách Sạn Đức Sang",,"https://www.google.com/maps/search/?api=1&query=Kh%C3%A1ch%20S%E1%BA%A1n%20%C4%90%E1%BB%A9c%20Sang&query_place_id=ChIJl-LChLE6dTERu4TZkL0zH88",,"0"
